league,team,zone,zone_idx,n,mean_team,mean_league,direction,cohen_d,t_stat,p_raw,q_fdr,sig
FA WSL 2018-19,Arsenal WFC,C1_R1,0,429,0.002254,0.001668,above,0.0554,1.1481,0.25156458433659445,0.581896,ns
FA WSL 2018-19,Arsenal WFC,C1_R2,1,1014,0.001111,0.002377,below,-0.1326,-4.2222,2.6362147481909463e-05,0.00087,***
FA WSL 2018-19,Arsenal WFC,C1_R3,2,406,0.002437,0.001124,above,0.1389,2.799,0.005371247915707933,0.053391,ns
FA WSL 2018-19,Arsenal WFC,C2_R1,3,1346,0.000541,0.000735,below,-0.0418,-1.5319,0.12577842471694217,0.422104,ns
FA WSL 2018-19,Arsenal WFC,C2_R2,4,1267,0.000292,0.000747,below,-0.0809,-2.8805,0.004037783665543621,0.047028,*
FA WSL 2018-19,Arsenal WFC,C2_R3,5,1286,0.000744,0.000662,above,0.0174,0.6248,0.5322417398572077,0.771704,ns
FA WSL 2018-19,Arsenal WFC,C3_R1,6,1864,0.000604,0.000475,above,0.0334,1.4402,0.14997850775992017,0.449936,ns
FA WSL 2018-19,Arsenal WFC,C3_R2,7,1962,0.000752,0.000629,above,0.0256,1.1361,0.25607208178402435,0.581896,ns
FA WSL 2018-19,Arsenal WFC,C3_R3,8,1861,0.000555,0.000443,above,0.0309,1.3325,0.1828464940082277,0.517194,ns
FA WSL 2018-19,Arsenal WFC,C4_R1,9,1609,0.000938,0.000904,above,0.0077,0.3079,0.7581942639324921,0.889498,ns
FA WSL 2018-19,Arsenal WFC,C4_R2,10,1458,0.001404,0.001459,below,-0.0095,-0.3638,0.7160258547143846,0.880578,ns
FA WSL 2018-19,Arsenal WFC,C4_R3,11,1925,0.001179,0.000884,above,0.0635,2.7857,0.005393074229309854,0.053391,ns
FA WSL 2018-19,Arsenal WFC,C5_R1,12,1362,0.002155,0.001861,above,0.035,1.2918,0.19664507270580225,0.523809,ns
FA WSL 2018-19,Arsenal WFC,C5_R2,13,1379,0.003503,0.004588,below,-0.0832,-3.0912,0.0020333766848207287,0.026841,*
FA WSL 2018-19,Arsenal WFC,C5_R3,14,1614,0.001764,0.001685,above,0.0097,0.3911,0.6957560601508984,0.871897,ns
FA WSL 2018-19,Arsenal WFC,C6_R1,15,859,0.004416,0.003219,above,0.0809,2.3708,0.017970195014936862,0.111191,ns
FA WSL 2018-19,Arsenal WFC,C6_R2,16,840,0.032532,0.038464,below,-0.0738,-2.1402,0.03262521239693191,0.174589,ns
FA WSL 2018-19,Arsenal WFC,C6_R3,17,1200,0.003294,0.00256,above,0.0515,1.7841,0.07465285767182572,0.295625,ns
FA WSL 2018-19,Birmingham City WFC,C1_R1,0,767,0.001034,0.00179,below,-0.0843,-2.3343,0.019835956617854096,0.115515,ns
FA WSL 2018-19,Birmingham City WFC,C1_R2,1,1466,0.001133,0.002375,below,-0.1386,-5.3076,1.2816865752859587e-07,1.3e-05,***
FA WSL 2018-19,Birmingham City WFC,C1_R3,2,705,0.00162,0.001206,above,0.0435,1.1542,0.24879710853337655,0.581896,ns
FA WSL 2018-19,Birmingham City WFC,C2_R1,3,1611,0.000986,0.000691,above,0.0539,2.1614,0.030808844146902672,0.169449,ns
FA WSL 2018-19,Birmingham City WFC,C2_R2,4,1697,0.000389,0.000737,below,-0.0566,-2.3323,0.019802831004773192,0.115515,ns
FA WSL 2018-19,Birmingham City WFC,C2_R3,5,1537,0.000772,0.000659,above,0.0231,0.9065,0.364794513721953,0.683708,ns
FA WSL 2018-19,Birmingham City WFC,C3_R1,6,1754,0.000719,0.000464,above,0.0593,2.4838,0.013091496345882027,0.092576,ns
FA WSL 2018-19,Birmingham City WFC,C3_R2,7,1801,0.000549,0.00065,below,-0.0212,-0.9014,0.3674887362829216,0.683708,ns
FA WSL 2018-19,Birmingham City WFC,C3_R3,8,1776,0.000507,0.000447,above,0.0145,0.6096,0.5422070317314209,0.772352,ns
FA WSL 2018-19,Birmingham City WFC,C4_R1,9,1263,0.000645,0.000933,below,-0.0592,-2.1021,0.03573865746087442,0.181442,ns
FA WSL 2018-19,Birmingham City WFC,C4_R2,10,1065,0.001326,0.001466,below,-0.0234,-0.7637,0.44521230988912847,0.722558,ns
FA WSL 2018-19,Birmingham City WFC,C4_R3,11,1482,0.000793,0.000923,below,-0.0264,-1.0163,0.3096337028397255,0.625586,ns
FA WSL 2018-19,Birmingham City WFC,C5_R1,12,933,0.001899,0.001887,above,0.0014,0.0426,0.9659901928511486,0.985345,ns
FA WSL 2018-19,Birmingham City WFC,C5_R2,13,718,0.005196,0.004418,above,0.0561,1.5026,0.13337140352321447,0.43291,ns
FA WSL 2018-19,Birmingham City WFC,C5_R3,14,1278,0.00151,0.00171,below,-0.0249,-0.8889,0.37423895429808984,0.683708,ns
FA WSL 2018-19,Birmingham City WFC,C6_R1,15,560,0.002575,0.003403,below,-0.0661,-1.5634,0.11851796493039146,0.414535,ns
FA WSL 2018-19,Birmingham City WFC,C6_R2,16,279,0.040079,0.03771,above,0.0274,0.4569,0.6480964966825445,0.846026,ns
FA WSL 2018-19,Birmingham City WFC,C6_R3,17,807,0.002527,0.002637,below,-0.0078,-0.2205,0.8255645659462088,0.917188,ns
FA WSL 2018-19,Brighton & Hove Albion WFC,C1_R1,0,548,0.00131,0.001763,below,-0.0402,-0.9412,0.3470086376363104,0.673605,ns
FA WSL 2018-19,Brighton & Hove Albion WFC,C1_R2,1,1094,0.002896,0.002199,above,0.0604,1.9971,0.04605825786347686,0.217132,ns
FA WSL 2018-19,Brighton & Hove Albion WFC,C1_R3,2,467,0.000367,0.001331,below,-0.0897,-1.9375,0.053288676794857735,0.23447,ns
FA WSL 2018-19,Brighton & Hove Albion WFC,C2_R1,3,1171,0.00084,0.000706,above,0.0214,0.7334,0.46348728512874815,0.740085,ns
FA WSL 2018-19,Brighton & Hove Albion WFC,C2_R2,4,875,0.001318,0.000644,above,0.0768,2.2714,0.023366033406366175,0.132185,ns
FA WSL 2018-19,Brighton & Hove Albion WFC,C2_R3,5,1226,0.000714,0.000665,above,0.0075,0.2625,0.7930118808322766,0.902393,ns
FA WSL 2018-19,Brighton & Hove Albion WFC,C3_R1,6,1349,0.000703,0.000465,above,0.046,1.6901,0.09123766058740926,0.347369,ns
FA WSL 2018-19,Brighton & Hove Albion WFC,C3_R2,7,954,0.000588,0.000646,below,-0.0099,-0.3066,0.7592179895626863,0.889498,ns
FA WSL 2018-19,Brighton & Hove Albion WFC,C3_R3,8,1511,0.000464,0.000452,above,0.0031,0.1203,0.9042809258209873,0.977428,ns
FA WSL 2018-19,Brighton & Hove Albion WFC,C4_R1,9,896,0.000771,0.00092,below,-0.0261,-0.7811,0.43495024732043536,0.711737,ns
FA WSL 2018-19,Brighton & Hove Albion WFC,C4_R2,10,621,0.001483,0.001451,above,0.0052,0.1286,0.8977361113027994,0.977428,ns
FA WSL 2018-19,Brighton & Hove Albion WFC,C4_R3,11,1192,0.000764,0.000926,below,-0.0318,-1.0985,0.2722104164382565,0.586191,ns
FA WSL 2018-19,Brighton & Hove Albion WFC,C5_R1,12,577,0.00169,0.001908,below,-0.0242,-0.5818,0.560953692785957,0.793349,ns
FA WSL 2018-19,Brighton & Hove Albion WFC,C5_R2,13,484,0.006054,0.004332,above,0.1219,2.6818,0.007573989381961314,0.068166,ns
FA WSL 2018-19,Brighton & Hove Albion WFC,C5_R3,14,881,0.000852,0.001776,below,-0.1212,-3.5985,0.0003379531275689766,0.008364,**
FA WSL 2018-19,Brighton & Hove Albion WFC,C6_R1,15,391,0.002662,0.003395,below,-0.0543,-1.0738,0.2835971634384433,0.600664,ns
FA WSL 2018-19,Brighton & Hove Albion WFC,C6_R2,16,280,0.034733,0.038244,below,-0.0481,-0.8046,0.42175222422987796,0.707686,ns
FA WSL 2018-19,Brighton & Hove Albion WFC,C6_R3,17,585,0.001419,0.002747,below,-0.0985,-2.3815,0.01756075950819615,0.111191,ns
FA WSL 2018-19,Bristol City WFC,C1_R1,0,584,0.001573,0.001736,below,-0.0132,-0.3189,0.7498882491137461,0.889498,ns
FA WSL 2018-19,Bristol City WFC,C1_R2,1,1230,0.003123,0.002176,above,0.0816,2.8622,0.004279017922307566,0.047069,*
FA WSL 2018-19,Bristol City WFC,C1_R3,2,484,0.000822,0.001286,below,-0.0383,-0.8427,0.3998262016381899,0.69256,ns
FA WSL 2018-19,Bristol City WFC,C2_R1,3,1018,0.000969,0.000693,above,0.04,1.2762,0.2021644957908413,0.523809,ns
FA WSL 2018-19,Bristol City WFC,C2_R2,4,865,0.000779,0.000698,above,0.0094,0.2766,0.7821318777588965,0.900361,ns
FA WSL 2018-19,Bristol City WFC,C2_R3,5,996,0.000753,0.000661,above,0.0137,0.4326,0.6653729517650319,0.861071,ns
FA WSL 2018-19,Bristol City WFC,C3_R1,6,1062,0.000443,0.000491,below,-0.0105,-0.3411,0.7330707293143757,0.889498,ns
FA WSL 2018-19,Bristol City WFC,C3_R2,7,838,0.000943,0.00061,above,0.0581,1.6818,0.0929824975246753,0.347369,ns
FA WSL 2018-19,Bristol City WFC,C3_R3,8,1066,0.000465,0.000452,above,0.0029,0.094,0.9251471299183455,0.983834,ns
FA WSL 2018-19,Bristol City WFC,C4_R1,9,951,0.001093,0.000888,above,0.0356,1.0983,0.27237137593097915,0.586191,ns
FA WSL 2018-19,Bristol City WFC,C4_R2,10,594,0.001523,0.001447,above,0.0101,0.2454,0.8062160876311111,0.912176,ns
FA WSL 2018-19,Bristol City WFC,C4_R3,11,1094,0.000806,0.000922,below,-0.022,-0.7268,0.46750611998255237,0.74053,ns
FA WSL 2018-19,Bristol City WFC,C5_R1,12,679,0.002079,0.001869,above,0.0241,0.6293,0.5293736336012026,0.771704,ns
FA WSL 2018-19,Bristol City WFC,C5_R2,13,387,0.004907,0.004447,above,0.0326,0.6412,0.521788316437241,0.771001,ns
FA WSL 2018-19,Bristol City WFC,C5_R3,14,770,0.001635,0.001698,below,-0.0078,-0.2158,0.8291750031569536,0.917188,ns
FA WSL 2018-19,Bristol City WFC,C6_R1,15,380,0.002337,0.003427,below,-0.0788,-1.5357,0.12544139159148104,0.422104,ns
FA WSL 2018-19,Bristol City WFC,C6_R2,16,226,0.030454,0.038672,below,-0.099,-1.4889,0.13790594950539453,0.440409,ns
FA WSL 2018-19,Bristol City WFC,C6_R3,17,466,0.000853,0.002804,below,-0.1637,-3.5341,0.0004501042484556615,0.008697,**
FA WSL 2018-19,Chelsea FCW,C1_R1,0,441,0.002461,0.001647,above,0.0725,1.523,0.128481711681843,0.42399,ns
FA WSL 2018-19,Chelsea FCW,C1_R2,1,985,0.001267,0.002362,below,-0.1195,-3.7492,0.00018771419779185477,0.00531,**
FA WSL 2018-19,Chelsea FCW,C1_R3,2,453,0.001374,0.001231,above,0.0146,0.3103,0.7564687566874411,0.889498,ns
FA WSL 2018-19,Chelsea FCW,C2_R1,3,1282,0.000609,0.000729,below,-0.0226,-0.8096,0.4182965558010529,0.707686,ns
FA WSL 2018-19,Chelsea FCW,C2_R2,4,1239,-4.7e-05,0.000781,below,-0.1348,-4.7442,2.3363604966077203e-06,0.000154,***
FA WSL 2018-19,Chelsea FCW,C2_R3,5,1249,0.00062,0.000674,below,-0.0111,-0.3915,0.6954848582927635,0.871897,ns
FA WSL 2018-19,Chelsea FCW,C3_R1,6,1834,0.000276,0.000508,below,-0.0609,-2.6066,0.009219883837477794,0.076064,ns
FA WSL 2018-19,Chelsea FCW,C3_R2,7,1615,0.000499,0.000655,below,-0.0354,-1.4234,0.1548267408931494,0.457548,ns
FA WSL 2018-19,Chelsea FCW,C3_R3,8,1912,0.000376,0.00046,below,-0.0216,-0.9428,0.34588621224256816,0.673605,ns
FA WSL 2018-19,Chelsea FCW,C4_R1,9,1779,0.00114,0.000884,above,0.0431,1.8176,0.0692966414582975,0.282524,ns
FA WSL 2018-19,Chelsea FCW,C4_R2,10,1351,0.001826,0.001416,above,0.054,1.986,0.047234797109417116,0.2175,ns
FA WSL 2018-19,Chelsea FCW,C4_R3,11,1845,0.001122,0.00089,above,0.0426,1.828,0.06770354037275852,0.282524,ns
FA WSL 2018-19,Chelsea FCW,C5_R1,12,1638,0.002146,0.001862,above,0.0314,1.2716,0.20370359328760052,0.523809,ns
FA WSL 2018-19,Chelsea FCW,C5_R2,13,1223,0.004458,0.004492,below,-0.0025,-0.0889,0.9291769878800826,0.983834,ns
FA WSL 2018-19,Chelsea FCW,C5_R3,14,1578,0.001849,0.001676,above,0.0212,0.8414,0.4002574045079613,0.69256,ns
FA WSL 2018-19,Chelsea FCW,C6_R1,15,1071,0.004064,0.003254,above,0.0597,1.9551,0.050833220660034734,0.228749,ns
FA WSL 2018-19,Chelsea FCW,C6_R2,16,738,0.035199,0.038198,below,-0.0394,-1.0696,0.28516372314827176,0.600664,ns
FA WSL 2018-19,Chelsea FCW,C6_R3,17,1060,0.003691,0.00252,above,0.0797,2.5943,0.009609141069052175,0.076104,ns
FA WSL 2018-19,Everton LFC,C1_R1,0,529,0.002207,0.001673,above,0.0459,1.0561,0.29138290464685196,0.600977,ns
FA WSL 2018-19,Everton LFC,C1_R2,1,1015,0.002481,0.00224,above,0.0223,0.7106,0.47749935299699764,0.750356,ns
FA WSL 2018-19,Everton LFC,C1_R3,2,462,0.001519,0.001216,above,0.0249,0.5357,0.5924536574887893,0.814624,ns
FA WSL 2018-19,Everton LFC,C2_R1,3,1319,0.000446,0.000745,below,-0.0499,-1.8139,0.06991747125013346,0.282524,ns
FA WSL 2018-19,Everton LFC,C2_R2,4,1248,0.000728,0.000703,above,0.0033,0.1152,0.9083171356475286,0.977428,ns
FA WSL 2018-19,Everton LFC,C2_R3,5,1180,0.000777,0.000659,above,0.0188,0.6468,0.5178782979419165,0.770977,ns
FA WSL 2018-19,Everton LFC,C3_R1,6,1442,0.000393,0.000496,below,-0.0221,-0.8379,0.40224425048216245,0.69256,ns
FA WSL 2018-19,Everton LFC,C3_R2,7,1201,0.000562,0.000648,below,-0.0159,-0.55,0.5824101741865263,0.806414,ns
FA WSL 2018-19,Everton LFC,C3_R3,8,1285,0.000435,0.000455,below,-0.004,-0.144,0.8854914959378631,0.974041,ns
FA WSL 2018-19,Everton LFC,C4_R1,9,1128,0.000966,0.000901,above,0.0111,0.3744,0.7081450098694613,0.876329,ns
FA WSL 2018-19,Everton LFC,C4_R2,10,822,0.001455,0.001453,above,0.0003,0.0075,0.9939988095665738,0.993999,ns
FA WSL 2018-19,Everton LFC,C4_R3,11,1005,0.000742,0.000928,below,-0.0334,-1.0604,0.2892163690229852,0.600977,ns
FA WSL 2018-19,Everton LFC,C5_R1,12,729,0.001906,0.001886,above,0.0023,0.063,0.9498197109387619,0.985345,ns
FA WSL 2018-19,Everton LFC,C5_R2,13,537,0.004267,0.004511,below,-0.0183,-0.425,0.6709758164260772,0.862683,ns
FA WSL 2018-19,Everton LFC,C5_R3,14,766,0.002172,0.001644,above,0.0521,1.4433,0.14934932874419532,0.449936,ns
FA WSL 2018-19,Everton LFC,C6_R1,15,510,0.003609,0.0033,above,0.0214,0.4832,0.629157538588386,0.839937,ns
FA WSL 2018-19,Everton LFC,C6_R2,16,310,0.035982,0.038119,below,-0.0272,-0.4793,0.6320737348566452,0.839937,ns
FA WSL 2018-19,Everton LFC,C6_R3,17,524,0.004493,0.00244,above,0.1114,2.5491,0.011085893566979834,0.084423,ns
FA WSL 2018-19,Liverpool WFC,C1_R1,0,411,0.001681,0.001726,below,-0.0037,-0.0753,0.9400403077736808,0.985345,ns
FA WSL 2018-19,Liverpool WFC,C1_R2,1,740,0.003592,0.002129,above,0.1216,3.3088,0.0009824085024234394,0.014963,*
FA WSL 2018-19,Liverpool WFC,C1_R3,2,509,0.000588,0.001309,below,-0.0645,-1.4541,0.14653580912393066,0.449936,ns
FA WSL 2018-19,Liverpool WFC,C2_R1,3,1018,0.000841,0.000705,above,0.0192,0.611,0.5413116686713833,0.772352,ns
FA WSL 2018-19,Liverpool WFC,C2_R2,4,1033,0.001865,0.000589,above,0.1405,4.5168,7.002560080153737e-06,0.000347,***
FA WSL 2018-19,Liverpool WFC,C2_R3,5,1089,0.000624,0.000674,below,-0.008,-0.2646,0.7913742975393953,0.902393,ns
FA WSL 2018-19,Liverpool WFC,C3_R1,6,1239,0.000344,0.000501,below,-0.0349,-1.2281,0.21966065049200317,0.550542,ns
FA WSL 2018-19,Liverpool WFC,C3_R2,7,1115,0.000467,0.000658,below,-0.0333,-1.1105,0.26703549667564835,0.586191,ns
FA WSL 2018-19,Liverpool WFC,C3_R3,8,1555,0.000608,0.000437,above,0.0333,1.3127,0.1894882817993558,0.521093,ns
FA WSL 2018-19,Liverpool WFC,C4_R1,9,941,0.001011,0.000896,above,0.0244,0.7495,0.45376161651076796,0.730446,ns
FA WSL 2018-19,Liverpool WFC,C4_R2,10,709,0.001187,0.00148,below,-0.0456,-1.2133,0.22540553197935168,0.557879,ns
FA WSL 2018-19,Liverpool WFC,C4_R3,11,1088,0.000905,0.000912,below,-0.0011,-0.0355,0.97168188625342,0.985345,ns
FA WSL 2018-19,Liverpool WFC,C5_R1,12,590,0.002103,0.001867,above,0.0269,0.6545,0.5130134462922401,0.770977,ns
FA WSL 2018-19,Liverpool WFC,C5_R2,13,455,0.004461,0.004492,below,-0.0022,-0.0462,0.9631962930029949,0.985345,ns
FA WSL 2018-19,Liverpool WFC,C5_R3,14,816,0.002044,0.001657,above,0.0442,1.2629,0.20699711635561222,0.525454,ns
FA WSL 2018-19,Liverpool WFC,C6_R1,15,384,0.003867,0.003274,above,0.0403,0.7893,0.4304040135918402,0.711737,ns
FA WSL 2018-19,Liverpool WFC,C6_R2,16,234,0.04474,0.037243,above,0.0724,1.1076,0.26915595970388734,0.586191,ns
FA WSL 2018-19,Liverpool WFC,C6_R3,17,492,0.002342,0.002655,below,-0.0225,-0.4997,0.6174932098408042,0.837422,ns
FA WSL 2018-19,Manchester City WFC,C1_R1,0,527,0.002207,0.001673,above,0.0508,1.1672,0.24366405324664386,0.581896,ns
FA WSL 2018-19,Manchester City WFC,C1_R2,1,1214,0.001406,0.002348,below,-0.1004,-3.4994,0.0004831818990679077,0.008697,**
FA WSL 2018-19,Manchester City WFC,C1_R3,2,568,0.001356,0.001232,above,0.012,0.2859,0.7750618916856072,0.89744,ns
FA WSL 2018-19,Manchester City WFC,C2_R1,3,1530,0.000799,0.00071,above,0.0176,0.6888,0.4910565816386783,0.765584,ns
FA WSL 2018-19,Manchester City WFC,C2_R2,4,1757,0.000418,0.000734,below,-0.0482,-2.0194,0.043596015614015805,0.211406,ns
FA WSL 2018-19,Manchester City WFC,C2_R3,5,1634,0.000516,0.000685,below,-0.0326,-1.3194,0.18722232111434498,0.521093,ns
FA WSL 2018-19,Manchester City WFC,C3_R1,6,1958,0.000557,0.00048,above,0.0208,0.921,0.3571592791054016,0.683708,ns
FA WSL 2018-19,Manchester City WFC,C3_R2,7,1929,0.00052,0.000653,below,-0.0308,-1.3522,0.17647375278917202,0.506403,ns
FA WSL 2018-19,Manchester City WFC,C3_R3,8,1956,0.000647,0.000433,above,0.0477,2.1096,0.035017754848155905,0.181442,ns
FA WSL 2018-19,Manchester City WFC,C4_R1,9,1939,0.000903,0.000907,below,-0.0009,-0.0406,0.9676094625670639,0.985345,ns
FA WSL 2018-19,Manchester City WFC,C4_R2,10,1509,0.001364,0.001463,below,-0.0168,-0.6523,0.5142752701378797,0.770977,ns
FA WSL 2018-19,Manchester City WFC,C4_R3,11,1907,0.00123,0.000879,above,0.0673,2.9373,0.003351041201000918,0.041469,*
FA WSL 2018-19,Manchester City WFC,C5_R1,12,1673,0.00149,0.001928,below,-0.0584,-2.3887,0.017018408628462624,0.111191,ns
FA WSL 2018-19,Manchester City WFC,C5_R2,13,1221,0.003898,0.004548,below,-0.0504,-1.7615,0.07839748093911557,0.304367,ns
FA WSL 2018-19,Manchester City WFC,C5_R3,14,1706,0.001912,0.00167,above,0.0249,1.0277,0.3042392806233067,0.621025,ns
FA WSL 2018-19,Manchester City WFC,C6_R1,15,817,0.003344,0.003326,above,0.0013,0.0365,0.9708615716825351,0.985345,ns
FA WSL 2018-19,Manchester City WFC,C6_R2,16,623,0.045499,0.037168,above,0.074,1.8467,0.06526313120398301,0.280915,ns
FA WSL 2018-19,Manchester City WFC,C6_R3,17,1191,0.003438,0.002546,above,0.0585,2.0184,0.043776054602122326,0.211406,ns
FA WSL 2018-19,Reading WFC,C1_R1,0,525,0.00122,0.001772,below,-0.0502,-1.1512,0.25018069909613827,0.581896,ns
FA WSL 2018-19,Reading WFC,C1_R2,1,1023,0.002002,0.002288,below,-0.0279,-0.8912,0.37301734744756987,0.683708,ns
FA WSL 2018-19,Reading WFC,C1_R3,2,467,0.001352,0.001233,above,0.0109,0.2358,0.8137067557922023,0.91542,ns
FA WSL 2018-19,Reading WFC,C2_R1,3,1241,0.000582,0.000731,below,-0.0253,-0.8927,0.37218957517176177,0.683708,ns
FA WSL 2018-19,Reading WFC,C2_R2,4,1166,0.000127,0.000763,below,-0.1003,-3.4252,0.0006357109521883724,0.010489,*
FA WSL 2018-19,Reading WFC,C2_R3,5,1309,0.000341,0.000702,below,-0.0689,-2.4945,0.012734366408242687,0.092576,ns
FA WSL 2018-19,Reading WFC,C3_R1,6,1636,0.00044,0.000492,below,-0.0114,-0.4595,0.6459485456407628,0.846026,ns
FA WSL 2018-19,Reading WFC,C3_R2,7,1567,0.000744,0.00063,above,0.0217,0.858,0.3910109394162825,0.691251,ns
FA WSL 2018-19,Reading WFC,C3_R3,8,1757,0.000196,0.000478,below,-0.0745,-3.1213,0.0018298944713813774,0.02588,*
FA WSL 2018-19,Reading WFC,C4_R1,9,1442,0.001101,0.000887,above,0.0343,1.3028,0.1928548823855188,0.523086,ns
FA WSL 2018-19,Reading WFC,C4_R2,10,1275,0.001359,0.001463,below,-0.0155,-0.5522,0.5808760077021508,0.806414,ns
FA WSL 2018-19,Reading WFC,C4_R3,11,1517,0.000853,0.000917,below,-0.0117,-0.4546,0.6494745775685148,0.846026,ns
FA WSL 2018-19,Reading WFC,C5_R1,12,1066,0.001967,0.00188,above,0.0094,0.3066,0.7592118876571814,0.889498,ns
FA WSL 2018-19,Reading WFC,C5_R2,13,1033,0.004238,0.004514,below,-0.0202,-0.6489,0.5165602125924679,0.770977,ns
FA WSL 2018-19,Reading WFC,C5_R3,14,1076,0.001684,0.001693,below,-0.0009,-0.0309,0.9753915872866005,0.985345,ns
FA WSL 2018-19,Reading WFC,C6_R1,15,596,0.003675,0.003293,above,0.0255,0.6223,0.5339568895496587,0.771704,ns
FA WSL 2018-19,Reading WFC,C6_R2,16,430,0.036134,0.038104,below,-0.0197,-0.4093,0.6825334457084281,0.86828,ns
FA WSL 2018-19,Reading WFC,C6_R3,17,648,0.003385,0.002551,above,0.0503,1.2807,0.2007677040558054,0.523809,ns
FA WSL 2018-19,West Ham United LFC,C1_R1,0,521,0.001341,0.001759,below,-0.0384,-0.8769,0.3809624380950835,0.683708,ns
FA WSL 2018-19,West Ham United LFC,C1_R2,1,1416,0.001222,0.002366,below,-0.1154,-4.3433,1.5035988558300065e-05,0.000595,***
FA WSL 2018-19,West Ham United LFC,C1_R3,2,612,0.001467,0.001221,above,0.0226,0.56,0.5756851000194475,0.806414,ns
FA WSL 2018-19,West Ham United LFC,C2_R1,3,1229,0.000478,0.000742,below,-0.0445,-1.5587,0.1193356996580429,0.414535,ns
FA WSL 2018-19,West Ham United LFC,C2_R2,4,1081,0.000132,0.000763,below,-0.0821,-2.6987,0.0070696200474697594,0.066656,ns
FA WSL 2018-19,West Ham United LFC,C2_R3,5,1370,0.000621,0.000674,below,-0.0095,-0.3506,0.7259794937897157,0.887308,ns
FA WSL 2018-19,West Ham United LFC,C3_R1,6,1462,0.000459,0.00049,below,-0.0077,-0.295,0.7680429524642475,0.894544,ns
FA WSL 2018-19,West Ham United LFC,C3_R2,7,1184,0.00052,0.000652,below,-0.0288,-0.9912,0.3217887612928285,0.643578,ns
FA WSL 2018-19,West Ham United LFC,C3_R3,8,1394,0.000451,0.000453,below,-0.0006,-0.022,0.9824255071328779,0.987412,ns
FA WSL 2018-19,West Ham United LFC,C4_R1,9,1224,0.000939,0.000904,above,0.0065,0.2283,0.8194576128403385,0.916681,ns
FA WSL 2018-19,West Ham United LFC,C4_R2,10,846,0.001276,0.001471,below,-0.03,-0.8723,0.3832905740089796,0.683708,ns
FA WSL 2018-19,West Ham United LFC,C4_R3,11,1218,0.000836,0.000919,below,-0.0148,-0.515,0.6066716829967423,0.828421,ns
FA WSL 2018-19,West Ham United LFC,C5_R1,12,908,0.00178,0.001899,below,-0.0135,-0.407,0.6840994662912517,0.86828,ns
FA WSL 2018-19,West Ham United LFC,C5_R2,13,622,0.005273,0.004411,above,0.0552,1.3755,0.16947221909861854,0.493463,ns
FA WSL 2018-19,West Ham United LFC,C5_R3,14,931,0.001473,0.001714,below,-0.0286,-0.8735,0.3826323853186259,0.683708,ns
FA WSL 2018-19,West Ham United LFC,C6_R1,15,578,0.003001,0.003361,below,-0.0273,-0.6554,0.5124969636291065,0.770977,ns
FA WSL 2018-19,West Ham United LFC,C6_R2,16,349,0.043276,0.03739,above,0.0606,1.1315,0.2586204398112427,0.581896,ns
FA WSL 2018-19,West Ham United LFC,C6_R3,17,649,0.001845,0.002705,below,-0.0626,-1.5955,0.11107816922708276,0.407287,ns
FA WSL 2018-19,Yeovil Town LFC,C1_R1,0,430,0.001648,0.001729,below,-0.006,-0.1248,0.9007777819960394,0.977428,ns
FA WSL 2018-19,Yeovil Town LFC,C1_R2,1,1016,0.004651,0.002023,above,0.203,6.4693,1.5287379954436122e-10,0.0,***
FA WSL 2018-19,Yeovil Town LFC,C1_R3,2,449,0.000778,0.00129,below,-0.0371,-0.786,0.4323084222033479,0.711737,ns
FA WSL 2018-19,Yeovil Town LFC,C2_R1,3,718,0.000805,0.000709,above,0.0141,0.3787,0.7050249773117836,0.876329,ns
FA WSL 2018-19,Yeovil Town LFC,C2_R2,4,859,0.001757,0.0006,above,0.1213,3.554,0.0004001712166058547,0.008697,**
FA WSL 2018-19,Yeovil Town LFC,C2_R3,5,715,0.000881,0.000648,above,0.0309,0.8276,0.4081921259263157,0.696742,ns
FA WSL 2018-19,Yeovil Town LFC,C3_R1,6,975,0.000416,0.000494,below,-0.0155,-0.4839,0.6285493700603842,0.839937,ns
FA WSL 2018-19,Yeovil Town LFC,C3_R2,7,1004,0.000899,0.000615,above,0.0463,1.4677,0.1424957333624154,0.447844,ns
FA WSL 2018-19,Yeovil Town LFC,C3_R3,8,875,0.000276,0.00047,below,-0.0395,-1.1674,0.24337479170339346,0.581896,ns
FA WSL 2018-19,Yeovil Town LFC,C4_R1,9,687,0.000469,0.000951,below,-0.1014,-2.6577,0.008050064215267879,0.069301,ns
FA WSL 2018-19,Yeovil Town LFC,C4_R2,10,614,0.001788,0.00142,above,0.0458,1.1354,0.25663885913234646,0.581896,ns
FA WSL 2018-19,Yeovil Town LFC,C4_R3,11,735,0.000793,0.000923,below,-0.0241,-0.653,0.5139627579291901,0.770977,ns
FA WSL 2018-19,Yeovil Town LFC,C5_R1,12,477,0.001554,0.001921,below,-0.0448,-0.9785,0.3283094774185399,0.650053,ns
FA WSL 2018-19,Yeovil Town LFC,C5_R2,13,450,0.003124,0.004625,below,-0.1153,-2.4454,0.014850732667199747,0.101395,ns
FA WSL 2018-19,Yeovil Town LFC,C5_R3,14,503,0.001716,0.001689,above,0.0029,0.0651,0.9481243734914827,0.985345,ns
FA WSL 2018-19,Yeovil Town LFC,C6_R1,15,209,0.003058,0.003355,below,-0.0225,-0.3259,0.7448240155930169,0.889498,ns
FA WSL 2018-19,Yeovil Town LFC,C6_R2,16,188,0.038547,0.037863,above,0.0072,0.0987,0.9214897318076486,0.983834,ns
FA WSL 2018-19,Yeovil Town LFC,C6_R3,17,241,0.001606,0.002729,below,-0.1007,-1.5635,0.11924401844142958,0.414535,ns
FA WSL 2020-21,Arsenal WFC,C1_R1,0,771,0.001383,0.00219,below,-0.0858,-2.382,0.01746036937033193,0.121659,ns
FA WSL 2020-21,Arsenal WFC,C1_R2,1,1650,0.000115,0.001359,below,-0.1618,-6.5716,6.656014008331104e-11,0.0,***
FA WSL 2020-21,Arsenal WFC,C1_R3,2,636,0.001312,0.001644,below,-0.0381,-0.9602,0.3373305554853681,0.644809,ns
FA WSL 2020-21,Arsenal WFC,C2_R1,3,2025,0.000681,0.000859,below,-0.039,-1.7562,0.07920684402907414,0.29557,ns
FA WSL 2020-21,Arsenal WFC,C2_R2,4,1739,0.000207,0.000555,below,-0.0648,-2.7011,0.006978931603592238,0.06852,ns
FA WSL 2020-21,Arsenal WFC,C2_R3,5,1864,0.000589,0.000781,below,-0.0452,-1.9513,0.051170825966608206,0.263465,ns
FA WSL 2020-21,Arsenal WFC,C3_R1,6,2276,0.000596,0.000579,above,0.0053,0.2529,0.8003637925464846,0.905019,ns
FA WSL 2020-21,Arsenal WFC,C3_R2,7,1981,0.000693,0.000679,above,0.0034,0.1509,0.8800446557056965,0.938545,ns
FA WSL 2020-21,Arsenal WFC,C3_R3,8,2125,0.000681,0.000553,above,0.0345,1.5912,0.11172089711514173,0.344739,ns
FA WSL 2020-21,Arsenal WFC,C4_R1,9,2163,0.001207,0.000997,above,0.0406,1.8862,0.05939701870419682,0.263465,ns
FA WSL 2020-21,Arsenal WFC,C4_R2,10,1538,0.001327,0.001351,below,-0.0044,-0.1735,0.8623074937596307,0.931292,ns
FA WSL 2020-21,Arsenal WFC,C4_R3,11,2034,0.0009,0.000883,above,0.0043,0.1942,0.8460275648412232,0.931292,ns
FA WSL 2020-21,Arsenal WFC,C5_R1,12,1566,0.002167,0.001977,above,0.0219,0.8669,0.38610898163707397,0.667544,ns
FA WSL 2020-21,Arsenal WFC,C5_R2,13,1382,0.003576,0.004822,below,-0.0975,-3.6235,0.00030118327073445987,0.005914,**
FA WSL 2020-21,Arsenal WFC,C5_R3,14,1705,0.001602,0.001924,below,-0.0425,-1.7554,0.0793660378458715,0.29557,ns
FA WSL 2020-21,Arsenal WFC,C6_R1,15,987,0.003549,0.00301,above,0.0384,1.2079,0.2273797502130446,0.51699,ns
FA WSL 2020-21,Arsenal WFC,C6_R2,16,750,0.042853,0.042645,above,0.002,0.0546,0.956435404671098,0.9791,ns
FA WSL 2020-21,Arsenal WFC,C6_R3,17,974,0.002922,0.002751,above,0.0128,0.3981,0.6906739107050657,0.849902,ns
FA WSL 2020-21,Aston Villa,C1_R1,0,701,0.002429,0.002094,above,0.0285,0.7558,0.45004720481691823,0.686524,ns
FA WSL 2020-21,Aston Villa,C1_R2,1,1215,0.002597,0.001133,above,0.1313,4.5782,5.171741451990938e-06,0.00016,***
FA WSL 2020-21,Aston Villa,C1_R3,2,637,0.002408,0.001544,above,0.0808,2.0384,0.041924514103638635,0.232197,ns
FA WSL 2020-21,Aston Villa,C2_R1,3,1270,0.001268,0.000806,above,0.0701,2.4989,0.012582422249854786,0.097064,ns
FA WSL 2020-21,Aston Villa,C2_R2,4,869,0.001539,0.000434,above,0.1483,4.3703,1.3908526652560619e-05,0.000334,***
FA WSL 2020-21,Aston Villa,C2_R3,5,1366,0.001017,0.000742,above,0.0499,1.844,0.06539699446631338,0.266524,ns
FA WSL 2020-21,Aston Villa,C3_R1,6,1301,0.000728,0.000567,above,0.0359,1.2949,0.1955692175289707,0.47494,ns
FA WSL 2020-21,Aston Villa,C3_R2,7,1033,0.00073,0.000676,above,0.0109,0.3493,0.7268992579687356,0.866984,ns
FA WSL 2020-21,Aston Villa,C3_R3,8,1698,0.000637,0.000557,above,0.0191,0.7874,0.43118416132346304,0.679823,ns
FA WSL 2020-21,Aston Villa,C4_R1,9,1018,0.000807,0.001033,below,-0.0529,-1.6879,0.09172857594973133,0.310822,ns
FA WSL 2020-21,Aston Villa,C4_R2,10,662,0.001013,0.00138,below,-0.0707,-1.8203,0.06917114804739208,0.266803,ns
FA WSL 2020-21,Aston Villa,C4_R3,11,1320,0.000848,0.000888,below,-0.0089,-0.3222,0.7473540665086713,0.882123,ns
FA WSL 2020-21,Aston Villa,C5_R1,12,665,0.002127,0.001981,above,0.0163,0.4195,0.674955138119378,0.849902,ns
FA WSL 2020-21,Aston Villa,C5_R2,13,430,0.005186,0.004675,above,0.0385,0.7988,0.4248516476954971,0.679823,ns
FA WSL 2020-21,Aston Villa,C5_R3,14,942,0.002204,0.00187,above,0.0374,1.1494,0.2506931081449148,0.525725,ns
FA WSL 2020-21,Aston Villa,C6_R1,15,411,0.002687,0.003088,below,-0.0303,-0.6149,0.5389404532461307,0.762503,ns
FA WSL 2020-21,Aston Villa,C6_R2,16,247,0.039227,0.042975,below,-0.0415,-0.6526,0.5146129914973316,0.741043,ns
FA WSL 2020-21,Aston Villa,C6_R3,17,523,0.003004,0.002744,above,0.0178,0.4076,0.6837051987619264,0.849902,ns
FA WSL 2020-21,Birmingham City WFC,C1_R1,0,633,0.002552,0.002083,above,0.0377,0.948,0.34347241474694423,0.646427,ns
FA WSL 2020-21,Birmingham City WFC,C1_R2,1,1456,0.001957,0.001191,above,0.0756,2.8834,0.003991845578211413,0.05072,ns
FA WSL 2020-21,Birmingham City WFC,C1_R3,2,612,0.00131,0.001644,below,-0.0321,-0.7934,0.42786108804087186,0.679823,ns
FA WSL 2020-21,Birmingham City WFC,C2_R1,3,1128,0.001223,0.00081,above,0.0628,2.1102,0.03506529634817483,0.214917,ns
FA WSL 2020-21,Birmingham City WFC,C2_R2,4,1097,0.000901,0.000492,above,0.0558,1.8494,0.06467077049145417,0.266524,ns
FA WSL 2020-21,Birmingham City WFC,C2_R3,5,1013,0.000661,0.000774,below,-0.0193,-0.6129,0.5401062894156033,0.762503,ns
FA WSL 2020-21,Birmingham City WFC,C3_R1,6,1090,0.00049,0.000589,below,-0.0205,-0.6771,0.498492707924394,0.732479,ns
FA WSL 2020-21,Birmingham City WFC,C3_R2,7,858,0.000579,0.00069,below,-0.0224,-0.6566,0.5116380552409531,0.741043,ns
FA WSL 2020-21,Birmingham City WFC,C3_R3,8,1203,0.000515,0.000568,below,-0.0114,-0.3955,0.6925129369202846,0.849902,ns
FA WSL 2020-21,Birmingham City WFC,C4_R1,9,788,0.000917,0.001023,below,-0.0187,-0.5253,0.5995472488981064,0.814158,ns
FA WSL 2020-21,Birmingham City WFC,C4_R2,10,546,0.001041,0.001377,below,-0.0624,-1.457,0.14568215336352405,0.403428,ns
FA WSL 2020-21,Birmingham City WFC,C4_R3,11,939,0.000719,0.0009,below,-0.0384,-1.1761,0.23984477269493745,0.522673,ns
FA WSL 2020-21,Birmingham City WFC,C5_R1,12,548,0.001601,0.002029,below,-0.0496,-1.1605,0.24634184262165562,0.522673,ns
FA WSL 2020-21,Birmingham City WFC,C5_R2,13,394,0.003182,0.004857,below,-0.1443,-2.8646,0.004399434935073263,0.052793,ns
FA WSL 2020-21,Birmingham City WFC,C5_R3,14,672,0.001281,0.001953,below,-0.0923,-2.3924,0.017013235262641244,0.121659,ns
FA WSL 2020-21,Birmingham City WFC,C6_R1,15,306,0.001428,0.003203,below,-0.1537,-2.6881,0.0075801006214095586,0.071187,ns
FA WSL 2020-21,Birmingham City WFC,C6_R2,16,172,0.036496,0.043223,below,-0.0696,-0.9125,0.36277696559945954,0.654134,ns
FA WSL 2020-21,Birmingham City WFC,C6_R3,17,489,0.001395,0.00289,below,-0.1242,-2.7458,0.006259816635167846,0.067606,ns
FA WSL 2020-21,Brighton & Hove Albion WFC,C1_R1,0,740,0.002069,0.002127,below,-0.0052,-0.1412,0.8877774267542499,0.938545,ns
FA WSL 2020-21,Brighton & Hove Albion WFC,C1_R2,1,1216,0.002028,0.001185,above,0.0799,2.7863,0.0054146647347057,0.061556,ns
FA WSL 2020-21,Brighton & Hove Albion WFC,C1_R3,2,623,0.001258,0.001649,below,-0.0362,-0.9038,0.3664363975086489,0.654134,ns
FA WSL 2020-21,Brighton & Hove Albion WFC,C2_R1,3,1351,0.000583,0.000868,below,-0.0517,-1.9018,0.05740361474577656,0.263465,ns
FA WSL 2020-21,Brighton & Hove Albion WFC,C2_R2,4,971,0.000471,0.000531,below,-0.0091,-0.2835,0.7768326577105653,0.905019,ns
FA WSL 2020-21,Brighton & Hove Albion WFC,C2_R3,5,1188,0.00056,0.000784,below,-0.0441,-1.5195,0.12889210808756504,0.366325,ns
FA WSL 2020-21,Brighton & Hove Albion WFC,C3_R1,6,1478,0.000388,0.000598,below,-0.0483,-1.8561,0.06363966358068514,0.266524,ns
FA WSL 2020-21,Brighton & Hove Albion WFC,C3_R2,7,1072,0.000678,0.00068,below,-0.0006,-0.0184,0.9853581696280576,0.985358,ns
FA WSL 2020-21,Brighton & Hove Albion WFC,C3_R3,8,1663,0.000407,0.000578,below,-0.0472,-1.9247,0.054438188481717026,0.263465,ns
FA WSL 2020-21,Brighton & Hove Albion WFC,C4_R1,9,1203,0.000907,0.001024,below,-0.0246,-0.8532,0.3937153733299121,0.667544,ns
FA WSL 2020-21,Brighton & Hove Albion WFC,C4_R2,10,793,0.001519,0.001334,above,0.0301,0.8464,0.3976037200348529,0.667544,ns
FA WSL 2020-21,Brighton & Hove Albion WFC,C4_R3,11,1289,0.000945,0.000879,above,0.0125,0.4481,0.654182974633766,0.836116,ns
FA WSL 2020-21,Brighton & Hove Albion WFC,C5_R1,12,786,0.001916,0.002,below,-0.0093,-0.2608,0.794324734479307,0.905019,ns
FA WSL 2020-21,Brighton & Hove Albion WFC,C5_R2,13,602,0.004458,0.004741,below,-0.022,-0.5409,0.5888064614969475,0.807853,ns
FA WSL 2020-21,Brighton & Hove Albion WFC,C5_R3,14,962,0.002036,0.001885,above,0.018,0.5585,0.5766471303093105,0.798434,ns
FA WSL 2020-21,Brighton & Hove Albion WFC,C6_R1,15,393,0.003586,0.003007,above,0.0378,0.7489,0.45434030256733865,0.686524,ns
FA WSL 2020-21,Brighton & Hove Albion WFC,C6_R2,16,298,0.040189,0.042887,below,-0.0266,-0.4596,0.6461217919236872,0.835702,ns
FA WSL 2020-21,Brighton & Hove Albion WFC,C6_R3,17,653,0.002452,0.002794,below,-0.0246,-0.6286,0.5298628203933169,0.757949,ns
FA WSL 2020-21,Bristol City WFC,C1_R1,0,579,0.003384,0.002008,above,0.1062,2.5548,0.010879879300043284,0.090387,ns
FA WSL 2020-21,Bristol City WFC,C1_R2,1,1257,0.003359,0.001064,above,0.2027,7.1856,1.144458085561429e-12,0.0,***
FA WSL 2020-21,Bristol City WFC,C1_R3,2,461,0.002045,0.001577,above,0.0405,0.8699,0.3847927006523465,0.667544,ns
FA WSL 2020-21,Bristol City WFC,C2_R1,3,1098,0.00108,0.000823,above,0.036,1.1916,0.23365989540764354,0.522673,ns
FA WSL 2020-21,Bristol City WFC,C2_R2,4,979,0.001586,0.00043,above,0.1445,4.5223,6.868039238840918e-06,0.000185,***
FA WSL 2020-21,Bristol City WFC,C2_R3,5,933,0.001092,0.000735,above,0.054,1.6487,0.09953791063778072,0.318172,ns
FA WSL 2020-21,Bristol City WFC,C3_R1,6,1305,0.00075,0.000565,above,0.0367,1.3258,0.18514095772905195,0.470476,ns
FA WSL 2020-21,Bristol City WFC,C3_R2,7,1001,0.000745,0.000674,above,0.0142,0.4492,0.6533842277651274,0.836116,ns
FA WSL 2020-21,Bristol City WFC,C3_R3,8,1128,0.000707,0.00055,above,0.0322,1.0813,0.2797734098397146,0.570104,ns
FA WSL 2020-21,Bristol City WFC,C4_R1,9,1061,0.001007,0.001015,below,-0.0013,-0.0439,0.9649832696057016,0.979905,ns
FA WSL 2020-21,Bristol City WFC,C4_R2,10,675,0.001529,0.001333,above,0.0303,0.7878,0.4310886359568665,0.679823,ns
FA WSL 2020-21,Bristol City WFC,C4_R3,11,1089,0.00074,0.000898,below,-0.0351,-1.1587,0.246817852024302,0.522673,ns
FA WSL 2020-21,Bristol City WFC,C5_R1,12,765,0.002406,0.001955,above,0.0474,1.3121,0.1898949471111461,0.47494,ns
FA WSL 2020-21,Bristol City WFC,C5_R2,13,424,0.005847,0.004615,above,0.0827,1.7025,0.08939428935320229,0.310822,ns
FA WSL 2020-21,Bristol City WFC,C5_R3,14,682,0.002342,0.001857,above,0.0544,1.4197,0.15614899817148498,0.416397,ns
FA WSL 2020-21,Bristol City WFC,C6_R1,15,317,0.001868,0.003163,below,-0.1058,-1.8831,0.060603778644512746,0.263465,ns
FA WSL 2020-21,Bristol City WFC,C6_R2,16,247,0.046452,0.042318,above,0.0363,0.5704,0.5689326911731006,0.797984,ns
FA WSL 2020-21,Bristol City WFC,C6_R3,17,386,0.001819,0.002852,below,-0.0709,-1.3938,0.1641801311714114,0.42696,ns
FA WSL 2020-21,Chelsea FCW,C1_R1,0,560,0.001647,0.002166,below,-0.0496,-1.1743,0.24075676636988974,0.522673,ns
FA WSL 2020-21,Chelsea FCW,C1_R2,1,1169,0.000266,0.001345,below,-0.1266,-4.3299,1.619604140904792e-05,0.00035,***
FA WSL 2020-21,Chelsea FCW,C1_R3,2,518,0.001445,0.001632,below,-0.0182,-0.4147,0.6784996944102725,0.849902,ns
FA WSL 2020-21,Chelsea FCW,C2_R1,3,1384,0.000963,0.000834,above,0.0268,0.9971,0.31890105207719543,0.63092,ns
FA WSL 2020-21,Chelsea FCW,C2_R2,4,1222,-0.000203,0.000592,below,-0.1703,-5.9521,3.4550977069568705e-09,0.0,***
FA WSL 2020-21,Chelsea FCW,C2_R3,5,1470,0.000853,0.000757,above,0.0219,0.8387,0.4017626086068481,0.667544,ns
FA WSL 2020-21,Chelsea FCW,C3_R1,6,2021,0.000496,0.000588,below,-0.0288,-1.2943,0.19569266970588625,0.47494,ns
FA WSL 2020-21,Chelsea FCW,C3_R2,7,1747,0.000657,0.000682,below,-0.0064,-0.2657,0.7905278289467307,0.905019,ns
FA WSL 2020-21,Chelsea FCW,C3_R3,8,2287,0.000561,0.000564,below,-0.0007,-0.0357,0.9715329793987247,0.979905,ns
FA WSL 2020-21,Chelsea FCW,C4_R1,9,2091,0.001002,0.001015,below,-0.0029,-0.1319,0.8950939301799652,0.938545,ns
FA WSL 2020-21,Chelsea FCW,C4_R2,10,1459,0.001315,0.001352,below,-0.0076,-0.2904,0.7715666451296239,0.905019,ns
FA WSL 2020-21,Chelsea FCW,C4_R3,11,2248,0.000931,0.000881,above,0.0118,0.5618,0.5742846453919335,0.798434,ns
FA WSL 2020-21,Chelsea FCW,C5_R1,12,1776,0.002007,0.001992,above,0.0017,0.0732,0.9416165921149497,0.96852,ns
FA WSL 2020-21,Chelsea FCW,C5_R2,13,1310,0.004663,0.004723,below,-0.0037,-0.1326,0.8944951207637307,0.938545,ns
FA WSL 2020-21,Chelsea FCW,C5_R3,14,1831,0.001963,0.001891,above,0.0081,0.3445,0.7305146452356251,0.866984,ns
FA WSL 2020-21,Chelsea FCW,C6_R1,15,905,0.004239,0.002947,above,0.0703,2.1137,0.0348136458837801,0.214917,ns
FA WSL 2020-21,Chelsea FCW,C6_R2,16,728,0.047004,0.042268,above,0.0452,1.2192,0.22318114445270146,0.515706,ns
FA WSL 2020-21,Chelsea FCW,C6_R3,17,930,0.003122,0.002733,above,0.0282,0.8592,0.3904763315576126,0.667544,ns
FA WSL 2020-21,Everton LFC,C1_R1,0,761,0.001384,0.002189,below,-0.08,-2.2076,0.027570543436368933,0.186101,ns
FA WSL 2020-21,Everton LFC,C1_R2,1,1674,0.000395,0.001333,below,-0.117,-4.7889,1.8247526157156529e-06,6.6e-05,***
FA WSL 2020-21,Everton LFC,C1_R3,2,717,0.001503,0.001626,below,-0.0143,-0.3841,0.7010255301421897,0.855489,ns
FA WSL 2020-21,Everton LFC,C2_R1,3,1813,0.000678,0.000859,below,-0.0366,-1.5589,0.11920206466776119,0.352707,ns
FA WSL 2020-21,Everton LFC,C2_R2,4,1550,0.0001,0.000565,below,-0.0816,-3.212,0.0013451327575938806,0.01937,*
FA WSL 2020-21,Everton LFC,C2_R3,5,1841,0.000611,0.000779,below,-0.0383,-1.645,0.10013255959454276,0.318172,ns
FA WSL 2020-21,Everton LFC,C3_R1,6,2040,0.000525,0.000586,below,-0.0166,-0.7517,0.4523017965091908,0.686524,ns
FA WSL 2020-21,Everton LFC,C3_R2,7,1285,0.000565,0.000691,below,-0.0339,-1.2154,0.22442782204378903,0.515706,ns
FA WSL 2020-21,Everton LFC,C3_R3,8,1905,0.000465,0.000572,below,-0.033,-1.4413,0.1496766805035231,0.409243,ns
FA WSL 2020-21,Everton LFC,C4_R1,9,1695,0.001024,0.001013,above,0.0023,0.0927,0.9261853220968183,0.964009,ns
FA WSL 2020-21,Everton LFC,C4_R2,10,923,0.001443,0.001341,above,0.0161,0.4903,0.6240278776101915,0.82189,ns
FA WSL 2020-21,Everton LFC,C4_R3,11,1623,0.000866,0.000887,below,-0.0043,-0.1743,0.8616168623795055,0.931292,ns
FA WSL 2020-21,Everton LFC,C5_R1,12,1068,0.001657,0.002023,below,-0.0468,-1.5294,0.1264526831112298,0.366325,ns
FA WSL 2020-21,Everton LFC,C5_R2,13,639,0.004274,0.004758,below,-0.0381,-0.9627,0.33607445231269223,0.644809,ns
FA WSL 2020-21,Everton LFC,C5_R3,14,1248,0.001522,0.001932,below,-0.0488,-1.7236,0.0850294237634388,0.306106,ns
FA WSL 2020-21,Everton LFC,C6_R1,15,643,0.002806,0.003078,below,-0.0185,-0.469,0.6392041491318899,0.835702,ns
FA WSL 2020-21,Everton LFC,C6_R2,16,361,0.049161,0.042072,above,0.0619,1.1767,0.24007591365565265,0.522673,ns
FA WSL 2020-21,Everton LFC,C6_R3,17,730,0.003051,0.00274,above,0.0199,0.5377,0.5909292064053555,0.807853,ns
FA WSL 2020-21,Manchester City WFC,C1_R1,0,681,0.002065,0.002128,below,-0.0069,-0.1812,0.8562575584632295,0.931292,ns
FA WSL 2020-21,Manchester City WFC,C1_R2,1,1465,-3e-06,0.00137,below,-0.1943,-7.4382,1.730547244286025e-13,0.0,***
FA WSL 2020-21,Manchester City WFC,C1_R3,2,547,0.001046,0.001668,below,-0.0819,-1.9161,0.05587291628514092,0.263465,ns
FA WSL 2020-21,Manchester City WFC,C2_R1,3,1612,0.000924,0.000837,above,0.0182,0.7324,0.46403920644264846,0.686524,ns
FA WSL 2020-21,Manchester City WFC,C2_R2,4,1575,-4.5e-05,0.000578,below,-0.1316,-5.2243,1.9817329240621957e-07,9e-06,***
FA WSL 2020-21,Manchester City WFC,C2_R3,5,1538,0.000682,0.000773,below,-0.0231,-0.9047,0.3657917641488128,0.654134,ns
FA WSL 2020-21,Manchester City WFC,C3_R1,6,2307,0.000682,0.000571,above,0.0316,1.5197,0.12872081669281843,0.366325,ns
FA WSL 2020-21,Manchester City WFC,C3_R2,7,2020,0.000678,0.00068,below,-0.0007,-0.0309,0.9753682522426481,0.979905,ns
FA WSL 2020-21,Manchester City WFC,C3_R3,8,2139,0.000674,0.000553,above,0.0365,1.6866,0.09182363199415886,0.310822,ns
FA WSL 2020-21,Manchester City WFC,C4_R1,9,2494,0.001,0.001016,below,-0.0037,-0.1858,0.8526009813755407,0.931292,ns
FA WSL 2020-21,Manchester City WFC,C4_R2,10,1740,0.001306,0.001353,below,-0.0086,-0.3585,0.7200207592290606,0.864025,ns
FA WSL 2020-21,Manchester City WFC,C4_R3,11,2484,0.001,0.000874,above,0.0278,1.3854,0.1660401411782595,0.42696,ns
FA WSL 2020-21,Manchester City WFC,C5_R1,12,1983,0.001538,0.002034,below,-0.069,-3.0709,0.0021633393297539622,0.029205,*
FA WSL 2020-21,Manchester City WFC,C5_R2,13,1400,0.004196,0.004765,below,-0.0421,-1.5768,0.11506638255228553,0.350061,ns
FA WSL 2020-21,Manchester City WFC,C5_R3,14,1968,0.00194,0.001894,above,0.0062,0.2749,0.7834026840855337,0.905019,ns
FA WSL 2020-21,Manchester City WFC,C6_R1,15,950,0.003549,0.00301,above,0.0395,1.2171,0.22388529736880008,0.515706,ns
FA WSL 2020-21,Manchester City WFC,C6_R2,16,714,0.046311,0.042331,above,0.0371,0.9925,0.3213018491110212,0.63092,ns
FA WSL 2020-21,Manchester City WFC,C6_R3,17,1258,0.004422,0.002615,above,0.0907,3.2173,0.0013268996475398998,0.01937,*
FA WSL 2020-21,Manchester United,C1_R1,0,523,0.001956,0.002137,below,-0.0178,-0.4061,0.684849551149807,0.849902,ns
FA WSL 2020-21,Manchester United,C1_R2,1,1270,0.000656,0.00131,below,-0.0762,-2.7167,0.0066834132565494545,0.06852,ns
FA WSL 2020-21,Manchester United,C1_R3,2,476,0.00229,0.001555,above,0.0764,1.6658,0.09640434184185974,0.318172,ns
FA WSL 2020-21,Manchester United,C2_R1,3,1294,0.000891,0.00084,above,0.0102,0.3682,0.7127649787617147,0.864025,ns
FA WSL 2020-21,Manchester United,C2_R2,4,1228,0.000547,0.000524,above,0.0041,0.1451,0.8846767205749979,0.938545,ns
FA WSL 2020-21,Manchester United,C2_R3,5,1215,0.000536,0.000786,below,-0.0538,-1.8753,0.060987166617067386,0.263465,ns
FA WSL 2020-21,Manchester United,C3_R1,6,1828,0.000556,0.000583,below,-0.006,-0.2546,0.7990711437862907,0.905019,ns
FA WSL 2020-21,Manchester United,C3_R2,7,1481,0.001,0.000651,above,0.065,2.5009,0.012496553134618667,0.097064,ns
FA WSL 2020-21,Manchester United,C3_R3,8,1785,0.000447,0.000574,below,-0.033,-1.3921,0.16405687480780942,0.42696,ns
FA WSL 2020-21,Manchester United,C4_R1,9,1750,0.00123,0.000995,above,0.0473,1.9768,0.048225143800694294,0.260416,ns
FA WSL 2020-21,Manchester United,C4_R2,10,1308,0.001658,0.001321,above,0.0529,1.9121,0.05608561401298352,0.263465,ns
FA WSL 2020-21,Manchester United,C4_R3,11,1660,0.001119,0.000863,above,0.0473,1.9252,0.05437195743891671,0.263465,ns
FA WSL 2020-21,Manchester United,C5_R1,12,1519,0.00272,0.001927,above,0.0917,3.5758,0.000360068915314673,0.006481,**
FA WSL 2020-21,Manchester United,C5_R2,13,946,0.005432,0.004653,above,0.0521,1.601,0.10972038073249446,0.343472,ns
FA WSL 2020-21,Manchester United,C5_R3,14,1343,0.002077,0.001881,above,0.0258,0.9463,0.3441623659532664,0.646427,ns
FA WSL 2020-21,Manchester United,C6_R1,15,835,0.004289,0.002943,above,0.0899,2.5972,0.009565688377947797,0.082648,ns
FA WSL 2020-21,Manchester United,C6_R2,16,489,0.045983,0.042361,above,0.0389,0.8609,0.38973679144411094,0.667544,ns
FA WSL 2020-21,Manchester United,C6_R3,17,800,0.004086,0.002645,above,0.0926,2.6198,0.00896443681146365,0.08068,ns
FA WSL 2020-21,Reading WFC,C1_R1,0,625,0.002452,0.002092,above,0.0319,0.7981,0.42509644843843913,0.679823,ns
FA WSL 2020-21,Reading WFC,C1_R2,1,1450,0.001482,0.001235,above,0.0254,0.9689,0.33276411035289405,0.644809,ns
FA WSL 2020-21,Reading WFC,C1_R3,2,508,0.000991,0.001673,below,-0.0697,-1.5714,0.11671043840695444,0.350131,ns
FA WSL 2020-21,Reading WFC,C2_R1,3,1459,0.000533,0.000873,below,-0.0631,-2.4093,0.01610589208144577,0.119961,ns
FA WSL 2020-21,Reading WFC,C2_R2,4,1383,0.000272,0.000549,below,-0.0442,-1.6452,0.10016525896115729,0.318172,ns
FA WSL 2020-21,Reading WFC,C2_R3,5,1226,0.000958,0.000747,above,0.0408,1.4287,0.15335787991094588,0.414066,ns
FA WSL 2020-21,Reading WFC,C3_R1,6,1727,0.000599,0.000579,above,0.0049,0.203,0.8391595072198373,0.931292,ns
FA WSL 2020-21,Reading WFC,C3_R2,7,1395,0.000739,0.000675,above,0.0138,0.5153,0.6064126174971632,0.814158,ns
FA WSL 2020-21,Reading WFC,C3_R3,8,1582,0.000639,0.000557,above,0.0198,0.789,0.4302583246185492,0.679823,ns
FA WSL 2020-21,Reading WFC,C4_R1,9,1443,0.001308,0.000988,above,0.056,2.126,0.033675665382771974,0.214917,ns
FA WSL 2020-21,Reading WFC,C4_R2,10,1148,0.001257,0.001358,below,-0.0149,-0.5061,0.6129158346076056,0.814158,ns
FA WSL 2020-21,Reading WFC,C4_R3,11,1350,0.00102,0.000872,above,0.03,1.1013,0.2709837702119356,0.562812,ns
FA WSL 2020-21,Reading WFC,C5_R1,12,1084,0.002353,0.00196,above,0.0455,1.499,0.13416972401973293,0.376372,ns
FA WSL 2020-21,Reading WFC,C5_R2,13,833,0.005287,0.004666,above,0.0453,1.3072,0.19151291606267912,0.47494,ns
FA WSL 2020-21,Reading WFC,C5_R3,14,964,0.002095,0.00188,above,0.0241,0.7475,0.45494388655706564,0.686524,ns
FA WSL 2020-21,Reading WFC,C6_R1,15,575,0.003763,0.00299,above,0.0523,1.255,0.20999740212883428,0.503994,ns
FA WSL 2020-21,Reading WFC,C6_R2,16,415,0.034854,0.043372,below,-0.1018,-2.0732,0.0387757735620508,0.22041,ns
FA WSL 2020-21,Reading WFC,C6_R3,17,631,0.002721,0.00277,below,-0.0036,-0.09,0.9283049532844628,0.964009,ns
FA WSL 2020-21,Tottenham Hotspur Women,C1_R1,0,646,0.001668,0.002164,below,-0.0488,-1.2395,0.215629412521875,0.511824,ns
FA WSL 2020-21,Tottenham Hotspur Women,C1_R2,1,1388,0.00102,0.001277,below,-0.0279,-1.0382,0.2993531259886783,0.604302,ns
FA WSL 2020-21,Tottenham Hotspur Women,C1_R3,2,658,0.0013,0.001645,below,-0.0355,-0.9113,0.3624931502974685,0.654134,ns
FA WSL 2020-21,Tottenham Hotspur Women,C2_R1,3,1393,0.000577,0.000869,below,-0.0557,-2.0781,0.037881933383186565,0.22041,ns
FA WSL 2020-21,Tottenham Hotspur Women,C2_R2,4,1124,0.000486,0.00053,below,-0.0074,-0.2476,0.8044616537847785,0.905019,ns
FA WSL 2020-21,Tottenham Hotspur Women,C2_R3,5,1334,0.000868,0.000756,above,0.0219,0.7984,0.4247861411044957,0.679823,ns
FA WSL 2020-21,Tottenham Hotspur Women,C3_R1,6,1854,0.0005,0.000588,below,-0.0215,-0.9254,0.35486884903114324,0.654134,ns
FA WSL 2020-21,Tottenham Hotspur Women,C3_R2,7,1208,0.000548,0.000692,below,-0.0334,-1.1614,0.24569814462819184,0.522673,ns
FA WSL 2020-21,Tottenham Hotspur Women,C3_R3,8,1657,0.000545,0.000565,below,-0.0049,-0.1999,0.8415961046587371,0.931292,ns
FA WSL 2020-21,Tottenham Hotspur Women,C4_R1,9,1425,0.000812,0.001033,below,-0.0447,-1.6856,0.09209527963953368,0.310822,ns
FA WSL 2020-21,Tottenham Hotspur Women,C4_R2,10,706,0.001506,0.001335,above,0.0276,0.7336,0.46346061028123325,0.686524,ns
FA WSL 2020-21,Tottenham Hotspur Women,C4_R3,11,1479,0.000673,0.000904,below,-0.0546,-2.1009,0.0358194588134412,0.214917,ns
FA WSL 2020-21,Tottenham Hotspur Women,C5_R1,12,913,0.001565,0.002032,below,-0.0602,-1.82,0.06909235417464284,0.266803,ns
FA WSL 2020-21,Tottenham Hotspur Women,C5_R2,13,547,0.005714,0.004627,above,0.0739,1.7287,0.08442908776932659,0.306106,ns
FA WSL 2020-21,Tottenham Hotspur Women,C5_R3,14,946,0.001631,0.001922,below,-0.0354,-1.0898,0.2760576686765907,0.56789,ns
FA WSL 2020-21,Tottenham Hotspur Women,C6_R1,15,486,0.001397,0.003206,below,-0.1476,-3.2548,0.001213949811757989,0.01937,*
FA WSL 2020-21,Tottenham Hotspur Women,C6_R2,16,241,0.0429,0.042641,above,0.0024,0.0376,0.9699986214931096,0.979905,ns
FA WSL 2020-21,Tottenham Hotspur Women,C6_R3,17,543,0.001837,0.00285,below,-0.0784,-1.8271,0.06823848125197264,0.266803,ns
FA WSL 2020-21,West Ham United LFC,C1_R1,0,679,0.002478,0.00209,above,0.0358,0.9338,0.35071513022835,0.653056,ns
FA WSL 2020-21,West Ham United LFC,C1_R2,1,1306,0.001189,0.001261,below,-0.0072,-0.2595,0.7953089960533558,0.905019,ns
FA WSL 2020-21,West Ham United LFC,C1_R3,2,445,0.002486,0.001537,above,0.0899,1.8972,0.05845665287346879,0.263465,ns
FA WSL 2020-21,West Ham United LFC,C2_R1,3,1314,0.000732,0.000855,below,-0.0205,-0.7423,0.4580398555703208,0.686524,ns
FA WSL 2020-21,West Ham United LFC,C2_R2,4,1031,0.000449,0.000533,below,-0.0128,-0.4119,0.6805079881962568,0.849902,ns
FA WSL 2020-21,West Ham United LFC,C2_R3,5,1189,0.000754,0.000766,below,-0.0024,-0.0838,0.933259301796103,0.964517,ns
FA WSL 2020-21,West Ham United LFC,C3_R1,6,1598,0.000655,0.000574,above,0.019,0.7576,0.4487840084303393,0.686524,ns
FA WSL 2020-21,West Ham United LFC,C3_R2,7,1018,0.000552,0.000692,below,-0.0312,-0.9953,0.3198219003573949,0.63092,ns
FA WSL 2020-21,West Ham United LFC,C3_R3,8,1470,0.000483,0.000571,below,-0.0225,-0.8616,0.38902459554698926,0.667544,ns
FA WSL 2020-21,West Ham United LFC,C4_R1,9,1270,0.000952,0.00102,below,-0.0129,-0.4603,0.6453673131483555,0.835702,ns
FA WSL 2020-21,West Ham United LFC,C4_R2,10,759,0.001275,0.001356,below,-0.0131,-0.3619,0.7175092883566642,0.864025,ns
FA WSL 2020-21,West Ham United LFC,C4_R3,11,1337,0.000856,0.000887,below,-0.0065,-0.2376,0.8121997848188446,0.90899,ns
FA WSL 2020-21,West Ham United LFC,C5_R1,12,867,0.001858,0.002005,below,-0.0171,-0.504,0.6143876978330587,0.814158,ns
FA WSL 2020-21,West Ham United LFC,C5_R2,13,599,0.0048,0.00471,above,0.0062,0.1512,0.8798342493613739,0.938545,ns
FA WSL 2020-21,West Ham United LFC,C5_R3,14,1039,0.002076,0.001881,above,0.0204,0.6592,0.5099420012949788,0.741043,ns
FA WSL 2020-21,West Ham United LFC,C6_R1,15,507,0.003499,0.003014,above,0.0344,0.7754,0.43848915841394265,0.686331,ns
FA WSL 2020-21,West Ham United LFC,C6_R2,16,356,0.040521,0.042857,below,-0.0268,-0.5054,0.6136187859964678,0.814158,ns
FA WSL 2020-21,West Ham United LFC,C6_R3,17,674,0.002355,0.002803,below,-0.0324,-0.8417,0.40026229188069445,0.667544,ns
